{
   "plus_code" : {
      "compound_code" : "4VFP+49 Sugar Hill, GA, USA",
      "global_code" : "866Q4VFP+49"
   },
   "results" : [
      {
         "address_components" : [
            {
               "long_name" : "1675",
               "short_name" : "1675",
               "types" : [ "street_number" ]
            },
            {
               "long_name" : "Sugar Ridge Drive",
               "short_name" : "Sugar Ridge Dr",
               "types" : [ "route" ]
            },
            {
               "long_name" : "Suwanee",
               "short_name" : "Suwanee",
               "types" : [ "locality", "political" ]
            },
            {
               "long_name" : "Forsyth County",
               "short_name" : "Forsyth County",
               "types" : [ "administrative_area_level_2", "political" ]
            },
            {
               "long_name" : "Georgia",
               "short_name" : "GA",
               "types" : [ "administrative_area_level_1", "political" ]
            },
            {
               "long_name" : "United States",
               "short_name" : "US",
               "types" : [ "country", "political" ]
            },
            {
               "long_name" : "30024",
               "short_name" : "30024",
               "types" : [ "postal_code" ]
            },
            {
               "long_name" : "7730",
               "short_name" : "7730",
               "types" : [ "postal_code_suffix" ]
            }
         ],
         "formatted_address" : "1675 Sugar Ridge Dr, Suwanee, GA 30024, USA",
         "geometry" : {
            "bounds" : {
               "northeast" : {
                  "lat" : 34.1229119,
                  "lng" : -84.11397459999999
               },
               "southwest" : {
                  "lat" : 34.1227433,
                  "lng" : -84.11415989999999
               }
            },
            "location" : {
               "lat" : 34.1228436,
               "lng" : -84.1140523
            },
            "location_type" : "ROOFTOP",
            "viewport" : {
               "northeast" : {
                  "lat" : 34.1241765802915,
                  "lng" : -84.11271826970848
               },
               "southwest" : {
                  "lat" : 34.1214786197085,
                  "lng" : -84.1154162302915
               }
            }
         },
         "place_id" : "ChIJBZVq2hKa9YgRwJzNIdaprG8",
         "types" : [ "premise" ]
      },
      {
         "address_components" : [
            {
               "long_name" : "1645",
               "short_name" : "1645",
               "types" : [ "street_number" ]
            },
            {
               "long_name" : "Sugar Ridge Drive",
               "short_name" : "Sugar Ridge Dr",
               "types" : [ "route" ]
            },
            {
               "long_name" : "Suwanee",
               "short_name" : "Suwanee",
               "types" : [ "locality", "political" ]
            },
            {
               "long_name" : "Forsyth County",
               "short_name" : "Forsyth County",
               "types" : [ "administrative_area_level_2", "political" ]
            },
            {
               "long_name" : "Georgia",
               "short_name" : "GA",
               "types" : [ "administrative_area_level_1", "political" ]
            },
            {
               "long_name" : "United States",
               "short_name" : "US",
               "types" : [ "country", "political" ]
            },
            {
               "long_name" : "30024",
               "short_name" : "30024",
               "types" : [ "postal_code" ]
            },
            {
               "long_name" : "7730",
               "short_name" : "7730",
               "types" : [ "postal_code_suffix" ]
            }
         ],
         "formatted_address" : "1645 Sugar Ridge Dr, Suwanee, GA 30024, USA",
         "geometry" : {
            "location" : {
               "lat" : 34.122467,
               "lng" : -84.11395899999999
            },
            "location_type" : "ROOFTOP",
            "viewport" : {
               "northeast" : {
                  "lat" : 34.1238159802915,
                  "lng" : -84.11261001970848
               },
               "southwest" : {
                  "lat" : 34.1211180197085,
                  "lng" : -84.11530798029149
               }
            }
         },
         "place_id" : "ChIJ0djy3BKa9YgRw0Agn2BgoZo",
         "plus_code" : {
            "compound_code" : "4VCP+XC Suwanee, Georgia, United States",
            "global_code" : "866Q4VCP+XC"
         },
         "types" : [ "street_address" ]
      },
      {
         "address_components" : [
            {
               "long_name" : "1676",
               "short_name" : "1676",
               "types" : [ "street_number" ]
            },
            {
               "long_name" : "Sugar Ridge Drive",
               "short_name" : "Sugar Ridge Dr",
               "types" : [ "route" ]
            },
            {
               "long_name" : "Suwanee",
               "short_name" : "Suwanee",
               "types" : [ "locality", "political" ]
            },
            {
               "long_name" : "Forsyth County",
               "short_name" : "Forsyth County",
               "types" : [ "administrative_area_level_2", "political" ]
            },
            {
               "long_name" : "Georgia",
               "short_name" : "GA",
               "types" : [ "administrative_area_level_1", "political" ]
            },
            {
               "long_name" : "United States",
               "short_name" : "US",
               "types" : [ "country", "political" ]
            },
            {
               "long_name" : "30024",
               "short_name" : "30024",
               "types" : [ "postal_code" ]
            }
         ],
         "formatted_address" : "1676 Sugar Ridge Dr, Suwanee, GA 30024, USA",
         "geometry" : {
            "location" : {
               "lat" : 34.1229076,
               "lng" : -84.11386299999999
            },
            "location_type" : "RANGE_INTERPOLATED",
            "viewport" : {
               "northeast" : {
                  "lat" : 34.12425658029149,
                  "lng" : -84.11251401970848
               },
               "southwest" : {
                  "lat" : 34.12155861970849,
                  "lng" : -84.11521198029149
               }
            }
         },
         "place_id" : "EisxNjc2IFN1Z2FyIFJpZGdlIERyLCBTdXdhbmVlLCBHQSAzMDAyNCwgVVNBIhsSGQoUChIJ63tJxRKa9YgRqjTu55TkQ0UQjA0",
         "types" : [ "street_address" ]
      },
      {
         "address_components" : [
            {
               "long_name" : "1610-1720",
               "short_name" : "1610-1720",
               "types" : [ "street_number" ]
            },
            {
               "long_name" : "Sugar Ridge Drive",
               "short_name" : "Sugar Ridge Dr",
               "types" : [ "route" ]
            },
            {
               "long_name" : "Suwanee",
               "short_name" : "Suwanee",
               "types" : [ "locality", "political" ]
            },
            {
               "long_name" : "Forsyth County",
               "short_name" : "Forsyth County",
               "types" : [ "administrative_area_level_2", "political" ]
            },
            {
               "long_name" : "Georgia",
               "short_name" : "GA",
               "types" : [ "administrative_area_level_1", "political" ]
            },
            {
               "long_name" : "United States",
               "short_name" : "US",
               "types" : [ "country", "political" ]
            },
            {
               "long_name" : "30024",
               "short_name" : "30024",
               "types" : [ "postal_code" ]
            }
         ],
         "formatted_address" : "1610-1720 Sugar Ridge Dr, Suwanee, GA 30024, USA",
         "geometry" : {
            "bounds" : {
               "northeast" : {
                  "lat" : 34.1237553,
                  "lng" : -84.11359530000001
               },
               "southwest" : {
                  "lat" : 34.1218859,
                  "lng" : -84.1140046
               }
            },
            "location" : {
               "lat" : 34.1228223,
               "lng" : -84.1138119
            },
            "location_type" : "GEOMETRIC_CENTER",
            "viewport" : {
               "northeast" : {
                  "lat" : 34.12416958029149,
                  "lng" : -84.1124509697085
               },
               "southwest" : {
                  "lat" : 34.12147161970849,
                  "lng" : -84.11514893029151
               }
            }
         },
         "place_id" : "ChIJ63tJxRKa9YgRqjTu55TkQ0U",
         "types" : [ "route" ]
      },
      {
         "address_components" : [
            {
               "long_name" : "30024",
               "short_name" : "30024",
               "types" : [ "postal_code" ]
            },
            {
               "long_name" : "Suwanee",
               "short_name" : "Suwanee",
               "types" : [ "locality", "political" ]
            },
            {
               "long_name" : "Georgia",
               "short_name" : "GA",
               "types" : [ "administrative_area_level_1", "political" ]
            },
            {
               "long_name" : "United States",
               "short_name" : "US",
               "types" : [ "country", "political" ]
            }
         ],
         "formatted_address" : "Suwanee, GA 30024, USA",
         "geometry" : {
            "bounds" : {
               "northeast" : {
                  "lat" : 34.1317441,
                  "lng" : -84.01037699999999
               },
               "southwest" : {
                  "lat" : 33.9988249,
                  "lng" : -84.1777369
               }
            },
            "location" : {
               "lat" : 34.067013,
               "lng" : -84.0907246
            },
            "location_type" : "APPROXIMATE",
            "viewport" : {
               "northeast" : {
                  "lat" : 34.1317441,
                  "lng" : -84.01037699999999
               },
               "southwest" : {
                  "lat" : 33.9988249,
                  "lng" : -84.1777369
               }
            }
         },
         "place_id" : "ChIJKwMWr36X9YgRlZa0t4Yzelc",
         "postcode_localities" : [ "Johns Creek", "Suwanee" ],
         "types" : [ "postal_code" ]
      },
      {
         "address_components" : [
            {
               "long_name" : "Forsyth County",
               "short_name" : "Forsyth County",
               "types" : [ "administrative_area_level_2", "political" ]
            },
            {
               "long_name" : "Georgia",
               "short_name" : "GA",
               "types" : [ "administrative_area_level_1", "political" ]
            },
            {
               "long_name" : "United States",
               "short_name" : "US",
               "types" : [ "country", "political" ]
            }
         ],
         "formatted_address" : "Forsyth County, GA, USA",
         "geometry" : {
            "bounds" : {
               "northeast" : {
                  "lat" : 34.335171,
                  "lng" : -83.92552889999999
               },
               "southwest" : {
                  "lat" : 34.0505651,
                  "lng" : -84.2589868
               }
            },
            "location" : {
               "lat" : 34.2358502,
               "lng" : -84.14351359999999
            },
            "location_type" : "APPROXIMATE",
            "viewport" : {
               "northeast" : {
                  "lat" : 34.335171,
                  "lng" : -83.92552889999999
               },
               "southwest" : {
                  "lat" : 34.0505651,
                  "lng" : -84.2589868
               }
            }
         },
         "place_id" : "ChIJIxgglkKX9YgR10aUyAP4dTM",
         "types" : [ "administrative_area_level_2", "political" ]
      },
      {
         "address_components" : [
            {
               "long_name" : "Georgia",
               "short_name" : "GA",
               "types" : [ "administrative_area_level_1", "political" ]
            },
            {
               "long_name" : "United States",
               "short_name" : "US",
               "types" : [ "country", "political" ]
            }
         ],
         "formatted_address" : "Georgia, USA",
         "geometry" : {
            "bounds" : {
               "northeast" : {
                  "lat" : 35.0006589,
                  "lng" : -80.751429
               },
               "southwest" : {
                  "lat" : 30.3555908,
                  "lng" : -85.60516490000001
               }
            },
            "location" : {
               "lat" : 32.1656221,
               "lng" : -82.9000751
            },
            "location_type" : "APPROXIMATE",
            "viewport" : {
               "northeast" : {
                  "lat" : 35.0006589,
                  "lng" : -80.751429
               },
               "southwest" : {
                  "lat" : 30.3555908,
                  "lng" : -85.60516490000001
               }
            }
         },
         "place_id" : "ChIJV4FfHcU28YgR5xBP7BC8hGY",
         "types" : [ "administrative_area_level_1", "political" ]
      },
      {
         "address_components" : [
            {
               "long_name" : "United States",
               "short_name" : "US",
               "types" : [ "country", "political" ]
            }
         ],
         "formatted_address" : "United States",
         "geometry" : {
            "bounds" : {
               "northeast" : {
                  "lat" : 71.5388001,
                  "lng" : -66.885417
               },
               "southwest" : {
                  "lat" : 18.7763,
                  "lng" : 170.5957
               }
            },
            "location" : {
               "lat" : 37.09024,
               "lng" : -95.712891
            },
            "location_type" : "APPROXIMATE",
            "viewport" : {
               "northeast" : {
                  "lat" : 71.5388001,
                  "lng" : -66.885417
               },
               "southwest" : {
                  "lat" : 18.7763,
                  "lng" : 170.5957
               }
            }
         },
         "place_id" : "ChIJCzYy5IS16lQRQrfeQ5K5Oxw",
         "types" : [ "country", "political" ]
      }
   ],
   "status" : "OK"
}